"Process ID","Process Name","Host Name","Kernel Name","Block Size","Grid Size","Device","CC","Invocations","Section Name","Metric Name","Metric Unit","Minimum","Maximum","Average"
"92899","test_paper_bench","127.0.0.1","axpy_dot_kernel(double *, const double *, double, const bool *, int, int, int, int, double *)","(8, 8, 8)","(8, 4, 4)","0","8.6","2","GPU Speed Of Light Throughput","DRAM Frequency","cycle/nsecond","9.04","9.25","9.15"
"92899","test_paper_bench","127.0.0.1","axpy_dot_kernel(double *, const double *, double, const bool *, int, int, int, int, double *)","(8, 8, 8)","(8, 4, 4)","0","8.6","2","GPU Speed Of Light Throughput","SM Frequency","cycle/nsecond","1.31","1.35","1.33"
"92899","test_paper_bench","127.0.0.1","axpy_dot_kernel(double *, const double *, double, const bool *, int, int, int, int, double *)","(8, 8, 8)","(8, 4, 4)","0","8.6","2","GPU Speed Of Light Throughput","Elapsed Cycles","cycle","11,828.00","12,037.00","11,932.50"
"92899","test_paper_bench","127.0.0.1","axpy_dot_kernel(double *, const double *, double, const bool *, int, int, int, int, double *)","(8, 8, 8)","(8, 4, 4)","0","8.6","2","GPU Speed Of Light Throughput","Memory Throughput","%","15.40","15.60","15.50"
"92899","test_paper_bench","127.0.0.1","axpy_dot_kernel(double *, const double *, double, const bool *, int, int, int, int, double *)","(8, 8, 8)","(8, 4, 4)","0","8.6","2","GPU Speed Of Light Throughput","DRAM Throughput","%","14.53","14.75","14.64"
"92899","test_paper_bench","127.0.0.1","axpy_dot_kernel(double *, const double *, double, const bool *, int, int, int, int, double *)","(8, 8, 8)","(8, 4, 4)","0","8.6","2","GPU Speed Of Light Throughput","Duration","usecond","8.93","8.99","8.96"
"92899","test_paper_bench","127.0.0.1","axpy_dot_kernel(double *, const double *, double, const bool *, int, int, int, int, double *)","(8, 8, 8)","(8, 4, 4)","0","8.6","2","GPU Speed Of Light Throughput","L1/TEX Cache Throughput","%","20.74","20.92","20.83"
"92899","test_paper_bench","127.0.0.1","axpy_dot_kernel(double *, const double *, double, const bool *, int, int, int, int, double *)","(8, 8, 8)","(8, 4, 4)","0","8.6","2","GPU Speed Of Light Throughput","L2 Cache Throughput","%","15.40","15.60","15.50"
"92899","test_paper_bench","127.0.0.1","axpy_dot_kernel(double *, const double *, double, const bool *, int, int, int, int, double *)","(8, 8, 8)","(8, 4, 4)","0","8.6","2","GPU Speed Of Light Throughput","SM Active Cycles","cycle","8,385.88","8,460.15","8,423.01"
"92899","test_paper_bench","127.0.0.1","axpy_dot_kernel(double *, const double *, double, const bool *, int, int, int, int, double *)","(8, 8, 8)","(8, 4, 4)","0","8.6","2","GPU Speed Of Light Throughput","Compute (SM) Throughput","%","36.57","37.20","36.88"
"92899","test_paper_bench","127.0.0.1","axpy_dot_kernel(double *, const double *, double, const bool *, int, int, int, int, double *)","(8, 8, 8)","(8, 4, 4)","0","8.6","2","Launch Statistics","Block Size","","512.00","512.00","512.00"
"92899","test_paper_bench","127.0.0.1","axpy_dot_kernel(double *, const double *, double, const bool *, int, int, int, int, double *)","(8, 8, 8)","(8, 4, 4)","0","8.6","2","Launch Statistics","Grid Size","","128.00","128.00","128.00"
"92899","test_paper_bench","127.0.0.1","axpy_dot_kernel(double *, const double *, double, const bool *, int, int, int, int, double *)","(8, 8, 8)","(8, 4, 4)","0","8.6","2","Launch Statistics","Registers Per Thread","register/thread","16.00","16.00","16.00"
"92899","test_paper_bench","127.0.0.1","axpy_dot_kernel(double *, const double *, double, const bool *, int, int, int, int, double *)","(8, 8, 8)","(8, 4, 4)","0","8.6","2","Launch Statistics","Shared Memory Configuration Size","Kbyte","16.38","16.38","16.38"
"92899","test_paper_bench","127.0.0.1","axpy_dot_kernel(double *, const double *, double, const bool *, int, int, int, int, double *)","(8, 8, 8)","(8, 4, 4)","0","8.6","2","Launch Statistics","Driver Shared Memory Per Block","Kbyte/block","1.02","1.02","1.02"
"92899","test_paper_bench","127.0.0.1","axpy_dot_kernel(double *, const double *, double, const bool *, int, int, int, int, double *)","(8, 8, 8)","(8, 4, 4)","0","8.6","2","Launch Statistics","Dynamic Shared Memory Per Block","byte/block","0.00","0.00","0.00"
"92899","test_paper_bench","127.0.0.1","axpy_dot_kernel(double *, const double *, double, const bool *, int, int, int, int, double *)","(8, 8, 8)","(8, 4, 4)","0","8.6","2","Launch Statistics","Static Shared Memory Per Block","Kbyte/block","4.10","4.10","4.10"
"92899","test_paper_bench","127.0.0.1","axpy_dot_kernel(double *, const double *, double, const bool *, int, int, int, int, double *)","(8, 8, 8)","(8, 4, 4)","0","8.6","2","Launch Statistics","Threads","thread","65,536.00","65,536.00","65,536.00"
"92899","test_paper_bench","127.0.0.1","axpy_dot_kernel(double *, const double *, double, const bool *, int, int, int, int, double *)","(8, 8, 8)","(8, 4, 4)","0","8.6","2","Launch Statistics","Waves Per SM","","0.52","0.52","0.52"
"92899","test_paper_bench","127.0.0.1","axpy_dot_kernel(double *, const double *, double, const bool *, int, int, int, int, double *)","(8, 8, 8)","(8, 4, 4)","0","8.6","2","Occupancy","Block Limit SM","block","16.00","16.00","16.00"
"92899","test_paper_bench","127.0.0.1","axpy_dot_kernel(double *, const double *, double, const bool *, int, int, int, int, double *)","(8, 8, 8)","(8, 4, 4)","0","8.6","2","Occupancy","Block Limit Registers","block","8.00","8.00","8.00"
"92899","test_paper_bench","127.0.0.1","axpy_dot_kernel(double *, const double *, double, const bool *, int, int, int, int, double *)","(8, 8, 8)","(8, 4, 4)","0","8.6","2","Occupancy","Block Limit Shared Mem","block","3.00","3.00","3.00"
"92899","test_paper_bench","127.0.0.1","axpy_dot_kernel(double *, const double *, double, const bool *, int, int, int, int, double *)","(8, 8, 8)","(8, 4, 4)","0","8.6","2","Occupancy","Block Limit Warps","block","3.00","3.00","3.00"
"92899","test_paper_bench","127.0.0.1","axpy_dot_kernel(double *, const double *, double, const bool *, int, int, int, int, double *)","(8, 8, 8)","(8, 4, 4)","0","8.6","2","Occupancy","Theoretical Active Warps per SM","warp","48.00","48.00","48.00"
"92899","test_paper_bench","127.0.0.1","axpy_dot_kernel(double *, const double *, double, const bool *, int, int, int, int, double *)","(8, 8, 8)","(8, 4, 4)","0","8.6","2","Occupancy","Theoretical Occupancy","%","100.00","100.00","100.00"
"92899","test_paper_bench","127.0.0.1","axpy_dot_kernel(double *, const double *, double, const bool *, int, int, int, int, double *)","(8, 8, 8)","(8, 4, 4)","0","8.6","2","Occupancy","Achieved Occupancy","%","53.12","53.41","53.27"
"92899","test_paper_bench","127.0.0.1","axpy_dot_kernel(double *, const double *, double, const bool *, int, int, int, int, double *)","(8, 8, 8)","(8, 4, 4)","0","8.6","2","Occupancy","Achieved Active Warps Per SM","warp","25.50","25.64","25.57"
"92899","test_paper_bench","127.0.0.1","matvec_tiled_dot_kernel(const double *, double *, const bool *, int, int, int, int, double, double, double, double, double *)","(8, 8, 8)","(8, 4, 4)","0","8.6","2","GPU Speed Of Light Throughput","DRAM Frequency","cycle/nsecond","9.24","9.34","9.29"
"92899","test_paper_bench","127.0.0.1","matvec_tiled_dot_kernel(const double *, double *, const bool *, int, int, int, int, double, double, double, double, double *)","(8, 8, 8)","(8, 4, 4)","0","8.6","2","GPU Speed Of Light Throughput","SM Frequency","cycle/nsecond","1.34","1.36","1.35"
"92899","test_paper_bench","127.0.0.1","matvec_tiled_dot_kernel(const double *, double *, const bool *, int, int, int, int, double, double, double, double, double *)","(8, 8, 8)","(8, 4, 4)","0","8.6","2","GPU Speed Of Light Throughput","Elapsed Cycles","cycle","17,012.00","17,225.00","17,118.50"
"92899","test_paper_bench","127.0.0.1","matvec_tiled_dot_kernel(const double *, double *, const bool *, int, int, int, int, double, double, double, double, double *)","(8, 8, 8)","(8, 4, 4)","0","8.6","2","GPU Speed Of Light Throughput","Memory Throughput","%","20.14","20.40","20.27"
"92899","test_paper_bench","127.0.0.1","matvec_tiled_dot_kernel(const double *, double *, const bool *, int, int, int, int, double, double, double, double, double *)","(8, 8, 8)","(8, 4, 4)","0","8.6","2","GPU Speed Of Light Throughput","DRAM Throughput","%","5.37","5.43","5.40"
"92899","test_paper_bench","127.0.0.1","matvec_tiled_dot_kernel(const double *, double *, const bool *, int, int, int, int, double, double, double, double, double *)","(8, 8, 8)","(8, 4, 4)","0","8.6","2","GPU Speed Of Light Throughput","Duration","usecond","12.67","12.67","12.67"
"92899","test_paper_bench","127.0.0.1","matvec_tiled_dot_kernel(const double *, double *, const bool *, int, int, int, int, double, double, double, double, double *)","(8, 8, 8)","(8, 4, 4)","0","8.6","2","GPU Speed Of Light Throughput","L1/TEX Cache Throughput","%","27.68","27.72","27.70"
"92899","test_paper_bench","127.0.0.1","matvec_tiled_dot_kernel(const double *, double *, const bool *, int, int, int, int, double, double, double, double, double *)","(8, 8, 8)","(8, 4, 4)","0","8.6","2","GPU Speed Of Light Throughput","L2 Cache Throughput","%","9.34","9.43","9.38"
"92899","test_paper_bench","127.0.0.1","matvec_tiled_dot_kernel(const double *, double *, const bool *, int, int, int, int, double, double, double, double, double *)","(8, 8, 8)","(8, 4, 4)","0","8.6","2","GPU Speed Of Light Throughput","SM Active Cycles","cycle","12,502.59","12,520.06","12,511.32"
"92899","test_paper_bench","127.0.0.1","matvec_tiled_dot_kernel(const double *, double *, const bool *, int, int, int, int, double, double, double, double, double *)","(8, 8, 8)","(8, 4, 4)","0","8.6","2","GPU Speed Of Light Throughput","Compute (SM) Throughput","%","39.48","39.99","39.74"
"92899","test_paper_bench","127.0.0.1","matvec_tiled_dot_kernel(const double *, double *, const bool *, int, int, int, int, double, double, double, double, double *)","(8, 8, 8)","(8, 4, 4)","0","8.6","2","Launch Statistics","Block Size","","512.00","512.00","512.00"
"92899","test_paper_bench","127.0.0.1","matvec_tiled_dot_kernel(const double *, double *, const bool *, int, int, int, int, double, double, double, double, double *)","(8, 8, 8)","(8, 4, 4)","0","8.6","2","Launch Statistics","Grid Size","","128.00","128.00","128.00"
"92899","test_paper_bench","127.0.0.1","matvec_tiled_dot_kernel(const double *, double *, const bool *, int, int, int, int, double, double, double, double, double *)","(8, 8, 8)","(8, 4, 4)","0","8.6","2","Launch Statistics","Registers Per Thread","register/thread","31.00","31.00","31.00"
"92899","test_paper_bench","127.0.0.1","matvec_tiled_dot_kernel(const double *, double *, const bool *, int, int, int, int, double, double, double, double, double *)","(8, 8, 8)","(8, 4, 4)","0","8.6","2","Launch Statistics","Shared Memory Configuration Size","Kbyte","65.54","65.54","65.54"
"92899","test_paper_bench","127.0.0.1","matvec_tiled_dot_kernel(const double *, double *, const bool *, int, int, int, int, double, double, double, double, double *)","(8, 8, 8)","(8, 4, 4)","0","8.6","2","Launch Statistics","Driver Shared Memory Per Block","Kbyte/block","1.02","1.02","1.02"
"92899","test_paper_bench","127.0.0.1","matvec_tiled_dot_kernel(const double *, double *, const bool *, int, int, int, int, double, double, double, double, double *)","(8, 8, 8)","(8, 4, 4)","0","8.6","2","Launch Statistics","Dynamic Shared Memory Per Block","byte/block","0.00","0.00","0.00"
"92899","test_paper_bench","127.0.0.1","matvec_tiled_dot_kernel(const double *, double *, const bool *, int, int, int, int, double, double, double, double, double *)","(8, 8, 8)","(8, 4, 4)","0","8.6","2","Launch Statistics","Static Shared Memory Per Block","Kbyte/block","17.00","17.00","17.00"
"92899","test_paper_bench","127.0.0.1","matvec_tiled_dot_kernel(const double *, double *, const bool *, int, int, int, int, double, double, double, double, double *)","(8, 8, 8)","(8, 4, 4)","0","8.6","2","Launch Statistics","Threads","thread","65,536.00","65,536.00","65,536.00"
"92899","test_paper_bench","127.0.0.1","matvec_tiled_dot_kernel(const double *, double *, const bool *, int, int, int, int, double, double, double, double, double *)","(8, 8, 8)","(8, 4, 4)","0","8.6","2","Launch Statistics","Waves Per SM","","0.52","0.52","0.52"
"92899","test_paper_bench","127.0.0.1","matvec_tiled_dot_kernel(const double *, double *, const bool *, int, int, int, int, double, double, double, double, double *)","(8, 8, 8)","(8, 4, 4)","0","8.6","2","Occupancy","Block Limit SM","block","16.00","16.00","16.00"
"92899","test_paper_bench","127.0.0.1","matvec_tiled_dot_kernel(const double *, double *, const bool *, int, int, int, int, double, double, double, double, double *)","(8, 8, 8)","(8, 4, 4)","0","8.6","2","Occupancy","Block Limit Registers","block","4.00","4.00","4.00"
"92899","test_paper_bench","127.0.0.1","matvec_tiled_dot_kernel(const double *, double *, const bool *, int, int, int, int, double, double, double, double, double *)","(8, 8, 8)","(8, 4, 4)","0","8.6","2","Occupancy","Block Limit Shared Mem","block","3.00","3.00","3.00"
"92899","test_paper_bench","127.0.0.1","matvec_tiled_dot_kernel(const double *, double *, const bool *, int, int, int, int, double, double, double, double, double *)","(8, 8, 8)","(8, 4, 4)","0","8.6","2","Occupancy","Block Limit Warps","block","3.00","3.00","3.00"
"92899","test_paper_bench","127.0.0.1","matvec_tiled_dot_kernel(const double *, double *, const bool *, int, int, int, int, double, double, double, double, double *)","(8, 8, 8)","(8, 4, 4)","0","8.6","2","Occupancy","Theoretical Active Warps per SM","warp","48.00","48.00","48.00"
"92899","test_paper_bench","127.0.0.1","matvec_tiled_dot_kernel(const double *, double *, const bool *, int, int, int, int, double, double, double, double, double *)","(8, 8, 8)","(8, 4, 4)","0","8.6","2","Occupancy","Theoretical Occupancy","%","100.00","100.00","100.00"
"92899","test_paper_bench","127.0.0.1","matvec_tiled_dot_kernel(const double *, double *, const bool *, int, int, int, int, double, double, double, double, double *)","(8, 8, 8)","(8, 4, 4)","0","8.6","2","Occupancy","Achieved Occupancy","%","52.32","52.40","52.36"
"92899","test_paper_bench","127.0.0.1","matvec_tiled_dot_kernel(const double *, double *, const bool *, int, int, int, int, double, double, double, double, double *)","(8, 8, 8)","(8, 4, 4)","0","8.6","2","Occupancy","Achieved Active Warps Per SM","warp","25.12","25.15","25.13"
"92899","test_paper_bench","127.0.0.1","prolong_rbgs_aggregated_kernel(double *, const double *, const double *, const bool *, int, int, int, int, double, double, double, double, int, int)","(8, 8, 8)","(2, 1, 1)","0","8.6","2","GPU Speed Of Light Throughput","DRAM Frequency","cycle/nsecond","9.27","9.29","9.28"
"92899","test_paper_bench","127.0.0.1","prolong_rbgs_aggregated_kernel(double *, const double *, const double *, const bool *, int, int, int, int, double, double, double, double, int, int)","(8, 8, 8)","(2, 1, 1)","0","8.6","2","GPU Speed Of Light Throughput","SM Frequency","cycle/nsecond","1.36","1.36","1.36"
"92899","test_paper_bench","127.0.0.1","prolong_rbgs_aggregated_kernel(double *, const double *, const double *, const bool *, int, int, int, int, double, double, double, double, int, int)","(8, 8, 8)","(2, 1, 1)","0","8.6","2","GPU Speed Of Light Throughput","Elapsed Cycles","cycle","20,132.00","20,165.00","20,148.50"
"92899","test_paper_bench","127.0.0.1","prolong_rbgs_aggregated_kernel(double *, const double *, const double *, const bool *, int, int, int, int, double, double, double, double, int, int)","(8, 8, 8)","(2, 1, 1)","0","8.6","2","GPU Speed Of Light Throughput","Memory Throughput","%","0.38","0.38","0.38"
"92899","test_paper_bench","127.0.0.1","prolong_rbgs_aggregated_kernel(double *, const double *, const double *, const bool *, int, int, int, int, double, double, double, double, int, int)","(8, 8, 8)","(2, 1, 1)","0","8.6","2","GPU Speed Of Light Throughput","DRAM Throughput","%","0.17","0.17","0.17"
"92899","test_paper_bench","127.0.0.1","prolong_rbgs_aggregated_kernel(double *, const double *, const double *, const bool *, int, int, int, int, double, double, double, double, int, int)","(8, 8, 8)","(2, 1, 1)","0","8.6","2","GPU Speed Of Light Throughput","Duration","usecond","14.75","14.82","14.78"
"92899","test_paper_bench","127.0.0.1","prolong_rbgs_aggregated_kernel(double *, const double *, const double *, const bool *, int, int, int, int, double, double, double, double, int, int)","(8, 8, 8)","(2, 1, 1)","0","8.6","2","GPU Speed Of Light Throughput","L1/TEX Cache Throughput","%","11.26","11.28","11.27"
"92899","test_paper_bench","127.0.0.1","prolong_rbgs_aggregated_kernel(double *, const double *, const double *, const bool *, int, int, int, int, double, double, double, double, int, int)","(8, 8, 8)","(2, 1, 1)","0","8.6","2","GPU Speed Of Light Throughput","L2 Cache Throughput","%","0.38","0.38","0.38"
"92899","test_paper_bench","127.0.0.1","prolong_rbgs_aggregated_kernel(double *, const double *, const double *, const bool *, int, int, int, int, double, double, double, double, int, int)","(8, 8, 8)","(2, 1, 1)","0","8.6","2","GPU Speed Of Light Throughput","SM Active Cycles","cycle","444.43","445.57","445.00"
"92899","test_paper_bench","127.0.0.1","prolong_rbgs_aggregated_kernel(double *, const double *, const double *, const bool *, int, int, int, int, double, double, double, double, int, int)","(8, 8, 8)","(2, 1, 1)","0","8.6","2","GPU Speed Of Light Throughput","Compute (SM) Throughput","%","1.55","1.55","1.55"
"92899","test_paper_bench","127.0.0.1","prolong_rbgs_aggregated_kernel(double *, const double *, const double *, const bool *, int, int, int, int, double, double, double, double, int, int)","(8, 8, 8)","(2, 1, 1)","0","8.6","2","Launch Statistics","Block Size","","512.00","512.00","512.00"
"92899","test_paper_bench","127.0.0.1","prolong_rbgs_aggregated_kernel(double *, const double *, const double *, const bool *, int, int, int, int, double, double, double, double, int, int)","(8, 8, 8)","(2, 1, 1)","0","8.6","2","Launch Statistics","Grid Size","","2.00","2.00","2.00"
"92899","test_paper_bench","127.0.0.1","prolong_rbgs_aggregated_kernel(double *, const double *, const double *, const bool *, int, int, int, int, double, double, double, double, int, int)","(8, 8, 8)","(2, 1, 1)","0","8.6","2","Launch Statistics","Registers Per Thread","register/thread","38.00","38.00","38.00"
"92899","test_paper_bench","127.0.0.1","prolong_rbgs_aggregated_kernel(double *, const double *, const double *, const bool *, int, int, int, int, double, double, double, double, int, int)","(8, 8, 8)","(2, 1, 1)","0","8.6","2","Launch Statistics","Shared Memory Configuration Size","Kbyte","32.77","32.77","32.77"
"92899","test_paper_bench","127.0.0.1","prolong_rbgs_aggregated_kernel(double *, const double *, const double *, const bool *, int, int, int, int, double, double, double, double, int, int)","(8, 8, 8)","(2, 1, 1)","0","8.6","2","Launch Statistics","Driver Shared Memory Per Block","Kbyte/block","1.02","1.02","1.02"
"92899","test_paper_bench","127.0.0.1","prolong_rbgs_aggregated_kernel(double *, const double *, const double *, const bool *, int, int, int, int, double, double, double, double, int, int)","(8, 8, 8)","(2, 1, 1)","0","8.6","2","Launch Statistics","Dynamic Shared Memory Per Block","byte/block","0.00","0.00","0.00"
"92899","test_paper_bench","127.0.0.1","prolong_rbgs_aggregated_kernel(double *, const double *, const double *, const bool *, int, int, int, int, double, double, double, double, int, int)","(8, 8, 8)","(2, 1, 1)","0","8.6","2","Launch Statistics","Static Shared Memory Per Block","Kbyte/block","9.00","9.00","9.00"
"92899","test_paper_bench","127.0.0.1","prolong_rbgs_aggregated_kernel(double *, const double *, const double *, const bool *, int, int, int, int, double, double, double, double, int, int)","(8, 8, 8)","(2, 1, 1)","0","8.6","2","Launch Statistics","Threads","thread","1,024.00","1,024.00","1,024.00"
"92899","test_paper_bench","127.0.0.1","prolong_rbgs_aggregated_kernel(double *, const double *, const double *, const bool *, int, int, int, int, double, double, double, double, int, int)","(8, 8, 8)","(2, 1, 1)","0","8.6","2","Launch Statistics","Waves Per SM","","0.01","0.01","0.01"
"92899","test_paper_bench","127.0.0.1","prolong_rbgs_aggregated_kernel(double *, const double *, const double *, const bool *, int, int, int, int, double, double, double, double, int, int)","(8, 8, 8)","(2, 1, 1)","0","8.6","2","Occupancy","Block Limit SM","block","16.00","16.00","16.00"
"92899","test_paper_bench","127.0.0.1","prolong_rbgs_aggregated_kernel(double *, const double *, const double *, const bool *, int, int, int, int, double, double, double, double, int, int)","(8, 8, 8)","(2, 1, 1)","0","8.6","2","Occupancy","Block Limit Registers","block","3.00","3.00","3.00"
"92899","test_paper_bench","127.0.0.1","prolong_rbgs_aggregated_kernel(double *, const double *, const double *, const bool *, int, int, int, int, double, double, double, double, int, int)","(8, 8, 8)","(2, 1, 1)","0","8.6","2","Occupancy","Block Limit Shared Mem","block","3.00","3.00","3.00"
"92899","test_paper_bench","127.0.0.1","prolong_rbgs_aggregated_kernel(double *, const double *, const double *, const bool *, int, int, int, int, double, double, double, double, int, int)","(8, 8, 8)","(2, 1, 1)","0","8.6","2","Occupancy","Block Limit Warps","block","3.00","3.00","3.00"
"92899","test_paper_bench","127.0.0.1","prolong_rbgs_aggregated_kernel(double *, const double *, const double *, const bool *, int, int, int, int, double, double, double, double, int, int)","(8, 8, 8)","(2, 1, 1)","0","8.6","2","Occupancy","Theoretical Active Warps per SM","warp","48.00","48.00","48.00"
"92899","test_paper_bench","127.0.0.1","prolong_rbgs_aggregated_kernel(double *, const double *, const double *, const bool *, int, int, int, int, double, double, double, double, int, int)","(8, 8, 8)","(2, 1, 1)","0","8.6","2","Occupancy","Theoretical Occupancy","%","100.00","100.00","100.00"
"92899","test_paper_bench","127.0.0.1","prolong_rbgs_aggregated_kernel(double *, const double *, const double *, const bool *, int, int, int, int, double, double, double, double, int, int)","(8, 8, 8)","(2, 1, 1)","0","8.6","2","Occupancy","Achieved Occupancy","%","33.10","33.19","33.14"
"92899","test_paper_bench","127.0.0.1","prolong_rbgs_aggregated_kernel(double *, const double *, const double *, const bool *, int, int, int, int, double, double, double, double, int, int)","(8, 8, 8)","(2, 1, 1)","0","8.6","2","Occupancy","Achieved Active Warps Per SM","warp","15.89","15.93","15.91"
"92899","test_paper_bench","127.0.0.1","prolong_rbgs_aggregated_kernel(double *, const double *, const double *, const bool *, int, int, int, int, double, double, double, double, int, int)","(8, 8, 8)","(4, 2, 2)","0","8.6","2","GPU Speed Of Light Throughput","DRAM Frequency","cycle/nsecond","9.32","9.37","9.35"
"92899","test_paper_bench","127.0.0.1","prolong_rbgs_aggregated_kernel(double *, const double *, const double *, const bool *, int, int, int, int, double, double, double, double, int, int)","(8, 8, 8)","(4, 2, 2)","0","8.6","2","GPU Speed Of Light Throughput","SM Frequency","cycle/nsecond","1.37","1.37","1.37"
"92899","test_paper_bench","127.0.0.1","prolong_rbgs_aggregated_kernel(double *, const double *, const double *, const bool *, int, int, int, int, double, double, double, double, int, int)","(8, 8, 8)","(4, 2, 2)","0","8.6","2","GPU Speed Of Light Throughput","Elapsed Cycles","cycle","20,731.00","20,853.00","20,792.00"
"92899","test_paper_bench","127.0.0.1","prolong_rbgs_aggregated_kernel(double *, const double *, const double *, const bool *, int, int, int, int, double, double, double, double, int, int)","(8, 8, 8)","(4, 2, 2)","0","8.6","2","GPU Speed Of Light Throughput","Memory Throughput","%","2.00","2.01","2.01"
"92899","test_paper_bench","127.0.0.1","prolong_rbgs_aggregated_kernel(double *, const double *, const double *, const bool *, int, int, int, int, double, double, double, double, int, int)","(8, 8, 8)","(4, 2, 2)","0","8.6","2","GPU Speed Of Light Throughput","DRAM Throughput","%","1.17","1.17","1.17"
"92899","test_paper_bench","127.0.0.1","prolong_rbgs_aggregated_kernel(double *, const double *, const double *, const bool *, int, int, int, int, double, double, double, double, int, int)","(8, 8, 8)","(4, 2, 2)","0","8.6","2","GPU Speed Of Light Throughput","Duration","usecond","15.07","15.23","15.15"
"92899","test_paper_bench","127.0.0.1","prolong_rbgs_aggregated_kernel(double *, const double *, const double *, const bool *, int, int, int, int, double, double, double, double, int, int)","(8, 8, 8)","(4, 2, 2)","0","8.6","2","GPU Speed Of Light Throughput","L1/TEX Cache Throughput","%","11.92","11.93","11.92"
"92899","test_paper_bench","127.0.0.1","prolong_rbgs_aggregated_kernel(double *, const double *, const double *, const bool *, int, int, int, int, double, double, double, double, int, int)","(8, 8, 8)","(4, 2, 2)","0","8.6","2","GPU Speed Of Light Throughput","L2 Cache Throughput","%","1.43","1.44","1.43"
"92899","test_paper_bench","127.0.0.1","prolong_rbgs_aggregated_kernel(double *, const double *, const double *, const bool *, int, int, int, int, double, double, double, double, int, int)","(8, 8, 8)","(4, 2, 2)","0","8.6","2","GPU Speed Of Light Throughput","SM Active Cycles","cycle","3,498.30","3,506.01","3,502.16"
"92899","test_paper_bench","127.0.0.1","prolong_rbgs_aggregated_kernel(double *, const double *, const double *, const bool *, int, int, int, int, double, double, double, double, int, int)","(8, 8, 8)","(4, 2, 2)","0","8.6","2","GPU Speed Of Light Throughput","Compute (SM) Throughput","%","11.36","11.42","11.39"
"92899","test_paper_bench","127.0.0.1","prolong_rbgs_aggregated_kernel(double *, const double *, const double *, const bool *, int, int, int, int, double, double, double, double, int, int)","(8, 8, 8)","(4, 2, 2)","0","8.6","2","Launch Statistics","Block Size","","512.00","512.00","512.00"
"92899","test_paper_bench","127.0.0.1","prolong_rbgs_aggregated_kernel(double *, const double *, const double *, const bool *, int, int, int, int, double, double, double, double, int, int)","(8, 8, 8)","(4, 2, 2)","0","8.6","2","Launch Statistics","Grid Size","","16.00","16.00","16.00"
"92899","test_paper_bench","127.0.0.1","prolong_rbgs_aggregated_kernel(double *, const double *, const double *, const bool *, int, int, int, int, double, double, double, double, int, int)","(8, 8, 8)","(4, 2, 2)","0","8.6","2","Launch Statistics","Registers Per Thread","register/thread","38.00","38.00","38.00"
"92899","test_paper_bench","127.0.0.1","prolong_rbgs_aggregated_kernel(double *, const double *, const double *, const bool *, int, int, int, int, double, double, double, double, int, int)","(8, 8, 8)","(4, 2, 2)","0","8.6","2","Launch Statistics","Shared Memory Configuration Size","Kbyte","32.77","32.77","32.77"
"92899","test_paper_bench","127.0.0.1","prolong_rbgs_aggregated_kernel(double *, const double *, const double *, const bool *, int, int, int, int, double, double, double, double, int, int)","(8, 8, 8)","(4, 2, 2)","0","8.6","2","Launch Statistics","Driver Shared Memory Per Block","Kbyte/block","1.02","1.02","1.02"
"92899","test_paper_bench","127.0.0.1","prolong_rbgs_aggregated_kernel(double *, const double *, const double *, const bool *, int, int, int, int, double, double, double, double, int, int)","(8, 8, 8)","(4, 2, 2)","0","8.6","2","Launch Statistics","Dynamic Shared Memory Per Block","byte/block","0.00","0.00","0.00"
"92899","test_paper_bench","127.0.0.1","prolong_rbgs_aggregated_kernel(double *, const double *, const double *, const bool *, int, int, int, int, double, double, double, double, int, int)","(8, 8, 8)","(4, 2, 2)","0","8.6","2","Launch Statistics","Static Shared Memory Per Block","Kbyte/block","9.00","9.00","9.00"
"92899","test_paper_bench","127.0.0.1","prolong_rbgs_aggregated_kernel(double *, const double *, const double *, const bool *, int, int, int, int, double, double, double, double, int, int)","(8, 8, 8)","(4, 2, 2)","0","8.6","2","Launch Statistics","Threads","thread","8,192.00","8,192.00","8,192.00"
"92899","test_paper_bench","127.0.0.1","prolong_rbgs_aggregated_kernel(double *, const double *, const double *, const bool *, int, int, int, int, double, double, double, double, int, int)","(8, 8, 8)","(4, 2, 2)","0","8.6","2","Launch Statistics","Waves Per SM","","0.07","0.07","0.07"
"92899","test_paper_bench","127.0.0.1","prolong_rbgs_aggregated_kernel(double *, const double *, const double *, const bool *, int, int, int, int, double, double, double, double, int, int)","(8, 8, 8)","(4, 2, 2)","0","8.6","2","Occupancy","Block Limit SM","block","16.00","16.00","16.00"
"92899","test_paper_bench","127.0.0.1","prolong_rbgs_aggregated_kernel(double *, const double *, const double *, const bool *, int, int, int, int, double, double, double, double, int, int)","(8, 8, 8)","(4, 2, 2)","0","8.6","2","Occupancy","Block Limit Registers","block","3.00","3.00","3.00"
"92899","test_paper_bench","127.0.0.1","prolong_rbgs_aggregated_kernel(double *, const double *, const double *, const bool *, int, int, int, int, double, double, double, double, int, int)","(8, 8, 8)","(4, 2, 2)","0","8.6","2","Occupancy","Block Limit Shared Mem","block","3.00","3.00","3.00"
"92899","test_paper_bench","127.0.0.1","prolong_rbgs_aggregated_kernel(double *, const double *, const double *, const bool *, int, int, int, int, double, double, double, double, int, int)","(8, 8, 8)","(4, 2, 2)","0","8.6","2","Occupancy","Block Limit Warps","block","3.00","3.00","3.00"
"92899","test_paper_bench","127.0.0.1","prolong_rbgs_aggregated_kernel(double *, const double *, const double *, const bool *, int, int, int, int, double, double, double, double, int, int)","(8, 8, 8)","(4, 2, 2)","0","8.6","2","Occupancy","Theoretical Active Warps per SM","warp","48.00","48.00","48.00"
"92899","test_paper_bench","127.0.0.1","prolong_rbgs_aggregated_kernel(double *, const double *, const double *, const bool *, int, int, int, int, double, double, double, double, int, int)","(8, 8, 8)","(4, 2, 2)","0","8.6","2","Occupancy","Theoretical Occupancy","%","100.00","100.00","100.00"
"92899","test_paper_bench","127.0.0.1","prolong_rbgs_aggregated_kernel(double *, const double *, const double *, const bool *, int, int, int, int, double, double, double, double, int, int)","(8, 8, 8)","(4, 2, 2)","0","8.6","2","Occupancy","Achieved Occupancy","%","32.96","32.99","32.97"
"92899","test_paper_bench","127.0.0.1","prolong_rbgs_aggregated_kernel(double *, const double *, const double *, const bool *, int, int, int, int, double, double, double, double, int, int)","(8, 8, 8)","(4, 2, 2)","0","8.6","2","Occupancy","Achieved Active Warps Per SM","warp","15.82","15.84","15.83"
"92899","test_paper_bench","127.0.0.1","prolong_rbgs_aggregated_kernel(double *, const double *, const double *, const bool *, int, int, int, int, double, double, double, double, int, int)","(8, 8, 8)","(8, 4, 4)","0","8.6","2","GPU Speed Of Light Throughput","DRAM Frequency","cycle/nsecond","9.31","9.35","9.33"
"92899","test_paper_bench","127.0.0.1","prolong_rbgs_aggregated_kernel(double *, const double *, const double *, const bool *, int, int, int, int, double, double, double, double, int, int)","(8, 8, 8)","(8, 4, 4)","0","8.6","2","GPU Speed Of Light Throughput","SM Frequency","cycle/nsecond","1.36","1.37","1.36"
"92899","test_paper_bench","127.0.0.1","prolong_rbgs_aggregated_kernel(double *, const double *, const double *, const bool *, int, int, int, int, double, double, double, double, int, int)","(8, 8, 8)","(8, 4, 4)","0","8.6","2","GPU Speed Of Light Throughput","Elapsed Cycles","cycle","33,991.00","34,121.00","34,056.00"
"92899","test_paper_bench","127.0.0.1","prolong_rbgs_aggregated_kernel(double *, const double *, const double *, const bool *, int, int, int, int, double, double, double, double, int, int)","(8, 8, 8)","(8, 4, 4)","0","8.6","2","GPU Speed Of Light Throughput","Memory Throughput","%","10.03","10.06","10.04"
"92899","test_paper_bench","127.0.0.1","prolong_rbgs_aggregated_kernel(double *, const double *, const double *, const bool *, int, int, int, int, double, double, double, double, int, int)","(8, 8, 8)","(8, 4, 4)","0","8.6","2","GPU Speed Of Light Throughput","DRAM Throughput","%","5.46","5.47","5.47"
"92899","test_paper_bench","127.0.0.1","prolong_rbgs_aggregated_kernel(double *, const double *, const double *, const bool *, int, int, int, int, double, double, double, double, int, int)","(8, 8, 8)","(8, 4, 4)","0","8.6","2","GPU Speed Of Light Throughput","Duration","usecond","24.96","24.99","24.98"
"92899","test_paper_bench","127.0.0.1","prolong_rbgs_aggregated_kernel(double *, const double *, const double *, const bool *, int, int, int, int, double, double, double, double, int, int)","(8, 8, 8)","(8, 4, 4)","0","8.6","2","GPU Speed Of Light Throughput","L1/TEX Cache Throughput","%","14.04","14.08","14.06"
"92899","test_paper_bench","127.0.0.1","prolong_rbgs_aggregated_kernel(double *, const double *, const double *, const bool *, int, int, int, int, double, double, double, double, int, int)","(8, 8, 8)","(8, 4, 4)","0","8.6","2","GPU Speed Of Light Throughput","L2 Cache Throughput","%","6.53","6.54","6.54"
"92899","test_paper_bench","127.0.0.1","prolong_rbgs_aggregated_kernel(double *, const double *, const double *, const bool *, int, int, int, int, double, double, double, double, int, int)","(8, 8, 8)","(8, 4, 4)","0","8.6","2","GPU Speed Of Light Throughput","SM Active Cycles","cycle","24,259.50","24,340.77","24,300.13"
"92899","test_paper_bench","127.0.0.1","prolong_rbgs_aggregated_kernel(double *, const double *, const double *, const bool *, int, int, int, int, double, double, double, double, int, int)","(8, 8, 8)","(8, 4, 4)","0","8.6","2","GPU Speed Of Light Throughput","Compute (SM) Throughput","%","51.21","51.40","51.30"
"92899","test_paper_bench","127.0.0.1","prolong_rbgs_aggregated_kernel(double *, const double *, const double *, const bool *, int, int, int, int, double, double, double, double, int, int)","(8, 8, 8)","(8, 4, 4)","0","8.6","2","Launch Statistics","Block Size","","512.00","512.00","512.00"
"92899","test_paper_bench","127.0.0.1","prolong_rbgs_aggregated_kernel(double *, const double *, const double *, const bool *, int, int, int, int, double, double, double, double, int, int)","(8, 8, 8)","(8, 4, 4)","0","8.6","2","Launch Statistics","Grid Size","","128.00","128.00","128.00"
"92899","test_paper_bench","127.0.0.1","prolong_rbgs_aggregated_kernel(double *, const double *, const double *, const bool *, int, int, int, int, double, double, double, double, int, int)","(8, 8, 8)","(8, 4, 4)","0","8.6","2","Launch Statistics","Registers Per Thread","register/thread","38.00","38.00","38.00"
"92899","test_paper_bench","127.0.0.1","prolong_rbgs_aggregated_kernel(double *, const double *, const double *, const bool *, int, int, int, int, double, double, double, double, int, int)","(8, 8, 8)","(8, 4, 4)","0","8.6","2","Launch Statistics","Shared Memory Configuration Size","Kbyte","32.77","32.77","32.77"
"92899","test_paper_bench","127.0.0.1","prolong_rbgs_aggregated_kernel(double *, const double *, const double *, const bool *, int, int, int, int, double, double, double, double, int, int)","(8, 8, 8)","(8, 4, 4)","0","8.6","2","Launch Statistics","Driver Shared Memory Per Block","Kbyte/block","1.02","1.02","1.02"
"92899","test_paper_bench","127.0.0.1","prolong_rbgs_aggregated_kernel(double *, const double *, const double *, const bool *, int, int, int, int, double, double, double, double, int, int)","(8, 8, 8)","(8, 4, 4)","0","8.6","2","Launch Statistics","Dynamic Shared Memory Per Block","byte/block","0.00","0.00","0.00"
"92899","test_paper_bench","127.0.0.1","prolong_rbgs_aggregated_kernel(double *, const double *, const double *, const bool *, int, int, int, int, double, double, double, double, int, int)","(8, 8, 8)","(8, 4, 4)","0","8.6","2","Launch Statistics","Static Shared Memory Per Block","Kbyte/block","9.00","9.00","9.00"
"92899","test_paper_bench","127.0.0.1","prolong_rbgs_aggregated_kernel(double *, const double *, const double *, const bool *, int, int, int, int, double, double, double, double, int, int)","(8, 8, 8)","(8, 4, 4)","0","8.6","2","Launch Statistics","Threads","thread","65,536.00","65,536.00","65,536.00"
"92899","test_paper_bench","127.0.0.1","prolong_rbgs_aggregated_kernel(double *, const double *, const double *, const bool *, int, int, int, int, double, double, double, double, int, int)","(8, 8, 8)","(8, 4, 4)","0","8.6","2","Launch Statistics","Waves Per SM","","0.52","0.52","0.52"
"92899","test_paper_bench","127.0.0.1","prolong_rbgs_aggregated_kernel(double *, const double *, const double *, const bool *, int, int, int, int, double, double, double, double, int, int)","(8, 8, 8)","(8, 4, 4)","0","8.6","2","Occupancy","Block Limit SM","block","16.00","16.00","16.00"
"92899","test_paper_bench","127.0.0.1","prolong_rbgs_aggregated_kernel(double *, const double *, const double *, const bool *, int, int, int, int, double, double, double, double, int, int)","(8, 8, 8)","(8, 4, 4)","0","8.6","2","Occupancy","Block Limit Registers","block","3.00","3.00","3.00"
"92899","test_paper_bench","127.0.0.1","prolong_rbgs_aggregated_kernel(double *, const double *, const double *, const bool *, int, int, int, int, double, double, double, double, int, int)","(8, 8, 8)","(8, 4, 4)","0","8.6","2","Occupancy","Block Limit Shared Mem","block","3.00","3.00","3.00"
"92899","test_paper_bench","127.0.0.1","prolong_rbgs_aggregated_kernel(double *, const double *, const double *, const bool *, int, int, int, int, double, double, double, double, int, int)","(8, 8, 8)","(8, 4, 4)","0","8.6","2","Occupancy","Block Limit Warps","block","3.00","3.00","3.00"
"92899","test_paper_bench","127.0.0.1","prolong_rbgs_aggregated_kernel(double *, const double *, const double *, const bool *, int, int, int, int, double, double, double, double, int, int)","(8, 8, 8)","(8, 4, 4)","0","8.6","2","Occupancy","Theoretical Active Warps per SM","warp","48.00","48.00","48.00"
"92899","test_paper_bench","127.0.0.1","prolong_rbgs_aggregated_kernel(double *, const double *, const double *, const bool *, int, int, int, int, double, double, double, double, int, int)","(8, 8, 8)","(8, 4, 4)","0","8.6","2","Occupancy","Theoretical Occupancy","%","100.00","100.00","100.00"
"92899","test_paper_bench","127.0.0.1","prolong_rbgs_aggregated_kernel(double *, const double *, const double *, const bool *, int, int, int, int, double, double, double, double, int, int)","(8, 8, 8)","(8, 4, 4)","0","8.6","2","Occupancy","Achieved Occupancy","%","49.97","50.17","50.07"
"92899","test_paper_bench","127.0.0.1","prolong_rbgs_aggregated_kernel(double *, const double *, const double *, const bool *, int, int, int, int, double, double, double, double, int, int)","(8, 8, 8)","(8, 4, 4)","0","8.6","2","Occupancy","Achieved Active Warps Per SM","warp","23.98","24.08","24.03"
"92899","test_paper_bench","127.0.0.1","rbgs_coarsest_kernel(double *, const double *, const bool *, int, int, int, int, double, double, double, double)","(8, 8, 8)","(1, 1, 1)","0","8.6","2","GPU Speed Of Light Throughput","DRAM Frequency","cycle/nsecond","9.40","9.51","9.45"
"92899","test_paper_bench","127.0.0.1","rbgs_coarsest_kernel(double *, const double *, const bool *, int, int, int, int, double, double, double, double)","(8, 8, 8)","(1, 1, 1)","0","8.6","2","GPU Speed Of Light Throughput","SM Frequency","cycle/nsecond","1.38","1.40","1.39"
"92899","test_paper_bench","127.0.0.1","rbgs_coarsest_kernel(double *, const double *, const bool *, int, int, int, int, double, double, double, double)","(8, 8, 8)","(1, 1, 1)","0","8.6","2","GPU Speed Of Light Throughput","Elapsed Cycles","cycle","78,113.00","79,131.00","78,622.00"
"92899","test_paper_bench","127.0.0.1","rbgs_coarsest_kernel(double *, const double *, const bool *, int, int, int, int, double, double, double, double)","(8, 8, 8)","(1, 1, 1)","0","8.6","2","GPU Speed Of Light Throughput","Memory Throughput","%","0.09","0.09","0.09"
"92899","test_paper_bench","127.0.0.1","rbgs_coarsest_kernel(double *, const double *, const bool *, int, int, int, int, double, double, double, double)","(8, 8, 8)","(1, 1, 1)","0","8.6","2","GPU Speed Of Light Throughput","DRAM Throughput","%","0.01","0.01","0.01"
"92899","test_paper_bench","127.0.0.1","rbgs_coarsest_kernel(double *, const double *, const bool *, int, int, int, int, double, double, double, double)","(8, 8, 8)","(1, 1, 1)","0","8.6","2","GPU Speed Of Light Throughput","Duration","usecond","56.58","56.64","56.61"
"92899","test_paper_bench","127.0.0.1","rbgs_coarsest_kernel(double *, const double *, const bool *, int, int, int, int, double, double, double, double)","(8, 8, 8)","(1, 1, 1)","0","8.6","2","GPU Speed Of Light Throughput","L1/TEX Cache Throughput","%","7.44","7.54","7.49"
"92899","test_paper_bench","127.0.0.1","rbgs_coarsest_kernel(double *, const double *, const bool *, int, int, int, int, double, double, double, double)","(8, 8, 8)","(1, 1, 1)","0","8.6","2","GPU Speed Of Light Throughput","L2 Cache Throughput","%","0.07","0.07","0.07"
"92899","test_paper_bench","127.0.0.1","rbgs_coarsest_kernel(double *, const double *, const bool *, int, int, int, int, double, double, double, double)","(8, 8, 8)","(1, 1, 1)","0","8.6","2","GPU Speed Of Light Throughput","SM Active Cycles","cycle","930.32","942.99","936.65"
"92899","test_paper_bench","127.0.0.1","rbgs_coarsest_kernel(double *, const double *, const bool *, int, int, int, int, double, double, double, double)","(8, 8, 8)","(1, 1, 1)","0","8.6","2","GPU Speed Of Light Throughput","Compute (SM) Throughput","%","0.89","0.90","0.89"
"92899","test_paper_bench","127.0.0.1","rbgs_coarsest_kernel(double *, const double *, const bool *, int, int, int, int, double, double, double, double)","(8, 8, 8)","(1, 1, 1)","0","8.6","2","Launch Statistics","Block Size","","512.00","512.00","512.00"
"92899","test_paper_bench","127.0.0.1","rbgs_coarsest_kernel(double *, const double *, const bool *, int, int, int, int, double, double, double, double)","(8, 8, 8)","(1, 1, 1)","0","8.6","2","Launch Statistics","Grid Size","","1.00","1.00","1.00"
"92899","test_paper_bench","127.0.0.1","rbgs_coarsest_kernel(double *, const double *, const bool *, int, int, int, int, double, double, double, double)","(8, 8, 8)","(1, 1, 1)","0","8.6","2","Launch Statistics","Registers Per Thread","register/thread","40.00","40.00","40.00"
"92899","test_paper_bench","127.0.0.1","rbgs_coarsest_kernel(double *, const double *, const bool *, int, int, int, int, double, double, double, double)","(8, 8, 8)","(1, 1, 1)","0","8.6","2","Launch Statistics","Shared Memory Configuration Size","Kbyte","32.77","32.77","32.77"
"92899","test_paper_bench","127.0.0.1","rbgs_coarsest_kernel(double *, const double *, const bool *, int, int, int, int, double, double, double, double)","(8, 8, 8)","(1, 1, 1)","0","8.6","2","Launch Statistics","Driver Shared Memory Per Block","Kbyte/block","1.02","1.02","1.02"
"92899","test_paper_bench","127.0.0.1","rbgs_coarsest_kernel(double *, const double *, const bool *, int, int, int, int, double, double, double, double)","(8, 8, 8)","(1, 1, 1)","0","8.6","2","Launch Statistics","Dynamic Shared Memory Per Block","byte/block","0.00","0.00","0.00"
"92899","test_paper_bench","127.0.0.1","rbgs_coarsest_kernel(double *, const double *, const bool *, int, int, int, int, double, double, double, double)","(8, 8, 8)","(1, 1, 1)","0","8.6","2","Launch Statistics","Static Shared Memory Per Block","Kbyte/block","9.00","9.00","9.00"
"92899","test_paper_bench","127.0.0.1","rbgs_coarsest_kernel(double *, const double *, const bool *, int, int, int, int, double, double, double, double)","(8, 8, 8)","(1, 1, 1)","0","8.6","2","Launch Statistics","Threads","thread","512.00","512.00","512.00"
"92899","test_paper_bench","127.0.0.1","rbgs_coarsest_kernel(double *, const double *, const bool *, int, int, int, int, double, double, double, double)","(8, 8, 8)","(1, 1, 1)","0","8.6","2","Launch Statistics","Waves Per SM","","0.00","0.00","0.00"
"92899","test_paper_bench","127.0.0.1","rbgs_coarsest_kernel(double *, const double *, const bool *, int, int, int, int, double, double, double, double)","(8, 8, 8)","(1, 1, 1)","0","8.6","2","Occupancy","Block Limit SM","block","16.00","16.00","16.00"
"92899","test_paper_bench","127.0.0.1","rbgs_coarsest_kernel(double *, const double *, const bool *, int, int, int, int, double, double, double, double)","(8, 8, 8)","(1, 1, 1)","0","8.6","2","Occupancy","Block Limit Registers","block","3.00","3.00","3.00"
"92899","test_paper_bench","127.0.0.1","rbgs_coarsest_kernel(double *, const double *, const bool *, int, int, int, int, double, double, double, double)","(8, 8, 8)","(1, 1, 1)","0","8.6","2","Occupancy","Block Limit Shared Mem","block","3.00","3.00","3.00"
"92899","test_paper_bench","127.0.0.1","rbgs_coarsest_kernel(double *, const double *, const bool *, int, int, int, int, double, double, double, double)","(8, 8, 8)","(1, 1, 1)","0","8.6","2","Occupancy","Block Limit Warps","block","3.00","3.00","3.00"
"92899","test_paper_bench","127.0.0.1","rbgs_coarsest_kernel(double *, const double *, const bool *, int, int, int, int, double, double, double, double)","(8, 8, 8)","(1, 1, 1)","0","8.6","2","Occupancy","Theoretical Active Warps per SM","warp","48.00","48.00","48.00"
"92899","test_paper_bench","127.0.0.1","rbgs_coarsest_kernel(double *, const double *, const bool *, int, int, int, int, double, double, double, double)","(8, 8, 8)","(1, 1, 1)","0","8.6","2","Occupancy","Theoretical Occupancy","%","100.00","100.00","100.00"
"92899","test_paper_bench","127.0.0.1","rbgs_coarsest_kernel(double *, const double *, const bool *, int, int, int, int, double, double, double, double)","(8, 8, 8)","(1, 1, 1)","0","8.6","2","Occupancy","Achieved Occupancy","%","32.85","33.30","33.07"
"92899","test_paper_bench","127.0.0.1","rbgs_coarsest_kernel(double *, const double *, const bool *, int, int, int, int, double, double, double, double)","(8, 8, 8)","(1, 1, 1)","0","8.6","2","Occupancy","Achieved Active Warps Per SM","warp","15.77","15.98","15.87"
"92899","test_paper_bench","127.0.0.1","rbgs_restrict_aggregated_kernel(double *, const double *, const bool *, double *, const bool *, int, int, int, int, double, double, double, double, int, int, int)","(8, 8, 8)","(2, 1, 1)","0","8.6","2","GPU Speed Of Light Throughput","DRAM Frequency","cycle/nsecond","9.32","9.32","9.32"
"92899","test_paper_bench","127.0.0.1","rbgs_restrict_aggregated_kernel(double *, const double *, const bool *, double *, const bool *, int, int, int, int, double, double, double, double, int, int, int)","(8, 8, 8)","(2, 1, 1)","0","8.6","2","GPU Speed Of Light Throughput","SM Frequency","cycle/nsecond","1.37","1.37","1.37"
"92899","test_paper_bench","127.0.0.1","rbgs_restrict_aggregated_kernel(double *, const double *, const bool *, double *, const bool *, int, int, int, int, double, double, double, double, int, int, int)","(8, 8, 8)","(2, 1, 1)","0","8.6","2","GPU Speed Of Light Throughput","Elapsed Cycles","cycle","22,024.00","22,056.00","22,040.00"
"92899","test_paper_bench","127.0.0.1","rbgs_restrict_aggregated_kernel(double *, const double *, const bool *, double *, const bool *, int, int, int, int, double, double, double, double, int, int, int)","(8, 8, 8)","(2, 1, 1)","0","8.6","2","GPU Speed Of Light Throughput","Memory Throughput","%","0.36","0.36","0.36"
"92899","test_paper_bench","127.0.0.1","rbgs_restrict_aggregated_kernel(double *, const double *, const bool *, double *, const bool *, int, int, int, int, double, double, double, double, int, int, int)","(8, 8, 8)","(2, 1, 1)","0","8.6","2","GPU Speed Of Light Throughput","DRAM Throughput","%","0.15","0.16","0.15"
"92899","test_paper_bench","127.0.0.1","rbgs_restrict_aggregated_kernel(double *, const double *, const bool *, double *, const bool *, int, int, int, int, double, double, double, double, int, int, int)","(8, 8, 8)","(2, 1, 1)","0","8.6","2","GPU Speed Of Light Throughput","Duration","usecond","16.06","16.10","16.08"
"92899","test_paper_bench","127.0.0.1","rbgs_restrict_aggregated_kernel(double *, const double *, const bool *, double *, const bool *, int, int, int, int, double, double, double, double, int, int, int)","(8, 8, 8)","(2, 1, 1)","0","8.6","2","GPU Speed Of Light Throughput","L1/TEX Cache Throughput","%","13.83","13.83","13.83"
"92899","test_paper_bench","127.0.0.1","rbgs_restrict_aggregated_kernel(double *, const double *, const bool *, double *, const bool *, int, int, int, int, double, double, double, double, int, int, int)","(8, 8, 8)","(2, 1, 1)","0","8.6","2","GPU Speed Of Light Throughput","L2 Cache Throughput","%","0.36","0.36","0.36"
"92899","test_paper_bench","127.0.0.1","rbgs_restrict_aggregated_kernel(double *, const double *, const bool *, double *, const bool *, int, int, int, int, double, double, double, double, int, int, int)","(8, 8, 8)","(2, 1, 1)","0","8.6","2","GPU Speed Of Light Throughput","SM Active Cycles","cycle","490.90","490.99","490.95"
"92899","test_paper_bench","127.0.0.1","rbgs_restrict_aggregated_kernel(double *, const double *, const bool *, double *, const bool *, int, int, int, int, double, double, double, double, int, int, int)","(8, 8, 8)","(2, 1, 1)","0","8.6","2","GPU Speed Of Light Throughput","Compute (SM) Throughput","%","1.64","1.64","1.64"
"92899","test_paper_bench","127.0.0.1","rbgs_restrict_aggregated_kernel(double *, const double *, const bool *, double *, const bool *, int, int, int, int, double, double, double, double, int, int, int)","(8, 8, 8)","(2, 1, 1)","0","8.6","2","Launch Statistics","Block Size","","512.00","512.00","512.00"
"92899","test_paper_bench","127.0.0.1","rbgs_restrict_aggregated_kernel(double *, const double *, const bool *, double *, const bool *, int, int, int, int, double, double, double, double, int, int, int)","(8, 8, 8)","(2, 1, 1)","0","8.6","2","Launch Statistics","Grid Size","","2.00","2.00","2.00"
"92899","test_paper_bench","127.0.0.1","rbgs_restrict_aggregated_kernel(double *, const double *, const bool *, double *, const bool *, int, int, int, int, double, double, double, double, int, int, int)","(8, 8, 8)","(2, 1, 1)","0","8.6","2","Launch Statistics","Registers Per Thread","register/thread","40.00","40.00","40.00"
"92899","test_paper_bench","127.0.0.1","rbgs_restrict_aggregated_kernel(double *, const double *, const bool *, double *, const bool *, int, int, int, int, double, double, double, double, int, int, int)","(8, 8, 8)","(2, 1, 1)","0","8.6","2","Launch Statistics","Shared Memory Configuration Size","Kbyte","32.77","32.77","32.77"
"92899","test_paper_bench","127.0.0.1","rbgs_restrict_aggregated_kernel(double *, const double *, const bool *, double *, const bool *, int, int, int, int, double, double, double, double, int, int, int)","(8, 8, 8)","(2, 1, 1)","0","8.6","2","Launch Statistics","Driver Shared Memory Per Block","Kbyte/block","1.02","1.02","1.02"
"92899","test_paper_bench","127.0.0.1","rbgs_restrict_aggregated_kernel(double *, const double *, const bool *, double *, const bool *, int, int, int, int, double, double, double, double, int, int, int)","(8, 8, 8)","(2, 1, 1)","0","8.6","2","Launch Statistics","Dynamic Shared Memory Per Block","byte/block","0.00","0.00","0.00"
"92899","test_paper_bench","127.0.0.1","rbgs_restrict_aggregated_kernel(double *, const double *, const bool *, double *, const bool *, int, int, int, int, double, double, double, double, int, int, int)","(8, 8, 8)","(2, 1, 1)","0","8.6","2","Launch Statistics","Static Shared Memory Per Block","Kbyte/block","9.00","9.00","9.00"
"92899","test_paper_bench","127.0.0.1","rbgs_restrict_aggregated_kernel(double *, const double *, const bool *, double *, const bool *, int, int, int, int, double, double, double, double, int, int, int)","(8, 8, 8)","(2, 1, 1)","0","8.6","2","Launch Statistics","Threads","thread","1,024.00","1,024.00","1,024.00"
"92899","test_paper_bench","127.0.0.1","rbgs_restrict_aggregated_kernel(double *, const double *, const bool *, double *, const bool *, int, int, int, int, double, double, double, double, int, int, int)","(8, 8, 8)","(2, 1, 1)","0","8.6","2","Launch Statistics","Waves Per SM","","0.01","0.01","0.01"
"92899","test_paper_bench","127.0.0.1","rbgs_restrict_aggregated_kernel(double *, const double *, const bool *, double *, const bool *, int, int, int, int, double, double, double, double, int, int, int)","(8, 8, 8)","(2, 1, 1)","0","8.6","2","Occupancy","Block Limit SM","block","16.00","16.00","16.00"
"92899","test_paper_bench","127.0.0.1","rbgs_restrict_aggregated_kernel(double *, const double *, const bool *, double *, const bool *, int, int, int, int, double, double, double, double, int, int, int)","(8, 8, 8)","(2, 1, 1)","0","8.6","2","Occupancy","Block Limit Registers","block","3.00","3.00","3.00"
"92899","test_paper_bench","127.0.0.1","rbgs_restrict_aggregated_kernel(double *, const double *, const bool *, double *, const bool *, int, int, int, int, double, double, double, double, int, int, int)","(8, 8, 8)","(2, 1, 1)","0","8.6","2","Occupancy","Block Limit Shared Mem","block","3.00","3.00","3.00"
"92899","test_paper_bench","127.0.0.1","rbgs_restrict_aggregated_kernel(double *, const double *, const bool *, double *, const bool *, int, int, int, int, double, double, double, double, int, int, int)","(8, 8, 8)","(2, 1, 1)","0","8.6","2","Occupancy","Block Limit Warps","block","3.00","3.00","3.00"
"92899","test_paper_bench","127.0.0.1","rbgs_restrict_aggregated_kernel(double *, const double *, const bool *, double *, const bool *, int, int, int, int, double, double, double, double, int, int, int)","(8, 8, 8)","(2, 1, 1)","0","8.6","2","Occupancy","Theoretical Active Warps per SM","warp","48.00","48.00","48.00"
"92899","test_paper_bench","127.0.0.1","rbgs_restrict_aggregated_kernel(double *, const double *, const bool *, double *, const bool *, int, int, int, int, double, double, double, double, int, int, int)","(8, 8, 8)","(2, 1, 1)","0","8.6","2","Occupancy","Theoretical Occupancy","%","100.00","100.00","100.00"
"92899","test_paper_bench","127.0.0.1","rbgs_restrict_aggregated_kernel(double *, const double *, const bool *, double *, const bool *, int, int, int, int, double, double, double, double, int, int, int)","(8, 8, 8)","(2, 1, 1)","0","8.6","2","Occupancy","Achieved Occupancy","%","32.52","32.68","32.60"
"92899","test_paper_bench","127.0.0.1","rbgs_restrict_aggregated_kernel(double *, const double *, const bool *, double *, const bool *, int, int, int, int, double, double, double, double, int, int, int)","(8, 8, 8)","(2, 1, 1)","0","8.6","2","Occupancy","Achieved Active Warps Per SM","warp","15.61","15.69","15.65"
"92899","test_paper_bench","127.0.0.1","rbgs_restrict_aggregated_kernel(double *, const double *, const bool *, double *, const bool *, int, int, int, int, double, double, double, double, int, int, int)","(8, 8, 8)","(4, 2, 2)","0","8.6","3","GPU Speed Of Light Throughput","DRAM Frequency","cycle/nsecond","9.28","9.36","9.31"
"92899","test_paper_bench","127.0.0.1","rbgs_restrict_aggregated_kernel(double *, const double *, const bool *, double *, const bool *, int, int, int, int, double, double, double, double, int, int, int)","(8, 8, 8)","(4, 2, 2)","0","8.6","3","GPU Speed Of Light Throughput","SM Frequency","cycle/nsecond","1.36","1.38","1.37"
"92899","test_paper_bench","127.0.0.1","rbgs_restrict_aggregated_kernel(double *, const double *, const bool *, double *, const bool *, int, int, int, int, double, double, double, double, int, int, int)","(8, 8, 8)","(4, 2, 2)","0","8.6","3","GPU Speed Of Light Throughput","Elapsed Cycles","cycle","22,547.00","22,735.00","22,643.67"
"92899","test_paper_bench","127.0.0.1","rbgs_restrict_aggregated_kernel(double *, const double *, const bool *, double *, const bool *, int, int, int, int, double, double, double, double, int, int, int)","(8, 8, 8)","(4, 2, 2)","0","8.6","3","GPU Speed Of Light Throughput","Memory Throughput","%","2.46","2.48","2.47"
"92899","test_paper_bench","127.0.0.1","rbgs_restrict_aggregated_kernel(double *, const double *, const bool *, double *, const bool *, int, int, int, int, double, double, double, double, int, int, int)","(8, 8, 8)","(4, 2, 2)","0","8.6","3","GPU Speed Of Light Throughput","DRAM Throughput","%","1.08","1.09","1.08"
"92899","test_paper_bench","127.0.0.1","rbgs_restrict_aggregated_kernel(double *, const double *, const bool *, double *, const bool *, int, int, int, int, double, double, double, double, int, int, int)","(8, 8, 8)","(4, 2, 2)","0","8.6","3","GPU Speed Of Light Throughput","Duration","usecond","16.51","16.61","16.54"
"92899","test_paper_bench","127.0.0.1","rbgs_restrict_aggregated_kernel(double *, const double *, const bool *, double *, const bool *, int, int, int, int, double, double, double, double, int, int, int)","(8, 8, 8)","(4, 2, 2)","0","8.6","3","GPU Speed Of Light Throughput","L1/TEX Cache Throughput","%","14.43","14.45","14.44"
"92899","test_paper_bench","127.0.0.1","rbgs_restrict_aggregated_kernel(double *, const double *, const bool *, double *, const bool *, int, int, int, int, double, double, double, double, int, int, int)","(8, 8, 8)","(4, 2, 2)","0","8.6","3","GPU Speed Of Light Throughput","L2 Cache Throughput","%","1.67","1.68","1.67"
"92899","test_paper_bench","127.0.0.1","rbgs_restrict_aggregated_kernel(double *, const double *, const bool *, double *, const bool *, int, int, int, int, double, double, double, double, int, int, int)","(8, 8, 8)","(4, 2, 2)","0","8.6","3","GPU Speed Of Light Throughput","SM Active Cycles","cycle","3,873.21","3,877.72","3,874.99"
"92899","test_paper_bench","127.0.0.1","rbgs_restrict_aggregated_kernel(double *, const double *, const bool *, double *, const bool *, int, int, int, int, double, double, double, double, int, int, int)","(8, 8, 8)","(4, 2, 2)","0","8.6","3","GPU Speed Of Light Throughput","Compute (SM) Throughput","%","12.17","12.28","12.22"
"92899","test_paper_bench","127.0.0.1","rbgs_restrict_aggregated_kernel(double *, const double *, const bool *, double *, const bool *, int, int, int, int, double, double, double, double, int, int, int)","(8, 8, 8)","(4, 2, 2)","0","8.6","3","Launch Statistics","Block Size","","512.00","512.00","512.00"
"92899","test_paper_bench","127.0.0.1","rbgs_restrict_aggregated_kernel(double *, const double *, const bool *, double *, const bool *, int, int, int, int, double, double, double, double, int, int, int)","(8, 8, 8)","(4, 2, 2)","0","8.6","3","Launch Statistics","Grid Size","","16.00","16.00","16.00"
"92899","test_paper_bench","127.0.0.1","rbgs_restrict_aggregated_kernel(double *, const double *, const bool *, double *, const bool *, int, int, int, int, double, double, double, double, int, int, int)","(8, 8, 8)","(4, 2, 2)","0","8.6","3","Launch Statistics","Registers Per Thread","register/thread","40.00","40.00","40.00"
"92899","test_paper_bench","127.0.0.1","rbgs_restrict_aggregated_kernel(double *, const double *, const bool *, double *, const bool *, int, int, int, int, double, double, double, double, int, int, int)","(8, 8, 8)","(4, 2, 2)","0","8.6","3","Launch Statistics","Shared Memory Configuration Size","Kbyte","32.77","32.77","32.77"
"92899","test_paper_bench","127.0.0.1","rbgs_restrict_aggregated_kernel(double *, const double *, const bool *, double *, const bool *, int, int, int, int, double, double, double, double, int, int, int)","(8, 8, 8)","(4, 2, 2)","0","8.6","3","Launch Statistics","Driver Shared Memory Per Block","Kbyte/block","1.02","1.02","1.02"
"92899","test_paper_bench","127.0.0.1","rbgs_restrict_aggregated_kernel(double *, const double *, const bool *, double *, const bool *, int, int, int, int, double, double, double, double, int, int, int)","(8, 8, 8)","(4, 2, 2)","0","8.6","3","Launch Statistics","Dynamic Shared Memory Per Block","byte/block","0.00","0.00","0.00"
"92899","test_paper_bench","127.0.0.1","rbgs_restrict_aggregated_kernel(double *, const double *, const bool *, double *, const bool *, int, int, int, int, double, double, double, double, int, int, int)","(8, 8, 8)","(4, 2, 2)","0","8.6","3","Launch Statistics","Static Shared Memory Per Block","Kbyte/block","9.00","9.00","9.00"
"92899","test_paper_bench","127.0.0.1","rbgs_restrict_aggregated_kernel(double *, const double *, const bool *, double *, const bool *, int, int, int, int, double, double, double, double, int, int, int)","(8, 8, 8)","(4, 2, 2)","0","8.6","3","Launch Statistics","Threads","thread","8,192.00","8,192.00","8,192.00"
"92899","test_paper_bench","127.0.0.1","rbgs_restrict_aggregated_kernel(double *, const double *, const bool *, double *, const bool *, int, int, int, int, double, double, double, double, int, int, int)","(8, 8, 8)","(4, 2, 2)","0","8.6","3","Launch Statistics","Waves Per SM","","0.07","0.07","0.07"
"92899","test_paper_bench","127.0.0.1","rbgs_restrict_aggregated_kernel(double *, const double *, const bool *, double *, const bool *, int, int, int, int, double, double, double, double, int, int, int)","(8, 8, 8)","(4, 2, 2)","0","8.6","3","Occupancy","Block Limit SM","block","16.00","16.00","16.00"
"92899","test_paper_bench","127.0.0.1","rbgs_restrict_aggregated_kernel(double *, const double *, const bool *, double *, const bool *, int, int, int, int, double, double, double, double, int, int, int)","(8, 8, 8)","(4, 2, 2)","0","8.6","3","Occupancy","Block Limit Registers","block","3.00","3.00","3.00"
"92899","test_paper_bench","127.0.0.1","rbgs_restrict_aggregated_kernel(double *, const double *, const bool *, double *, const bool *, int, int, int, int, double, double, double, double, int, int, int)","(8, 8, 8)","(4, 2, 2)","0","8.6","3","Occupancy","Block Limit Shared Mem","block","3.00","3.00","3.00"
"92899","test_paper_bench","127.0.0.1","rbgs_restrict_aggregated_kernel(double *, const double *, const bool *, double *, const bool *, int, int, int, int, double, double, double, double, int, int, int)","(8, 8, 8)","(4, 2, 2)","0","8.6","3","Occupancy","Block Limit Warps","block","3.00","3.00","3.00"
"92899","test_paper_bench","127.0.0.1","rbgs_restrict_aggregated_kernel(double *, const double *, const bool *, double *, const bool *, int, int, int, int, double, double, double, double, int, int, int)","(8, 8, 8)","(4, 2, 2)","0","8.6","3","Occupancy","Theoretical Active Warps per SM","warp","48.00","48.00","48.00"
"92899","test_paper_bench","127.0.0.1","rbgs_restrict_aggregated_kernel(double *, const double *, const bool *, double *, const bool *, int, int, int, int, double, double, double, double, int, int, int)","(8, 8, 8)","(4, 2, 2)","0","8.6","3","Occupancy","Theoretical Occupancy","%","100.00","100.00","100.00"
"92899","test_paper_bench","127.0.0.1","rbgs_restrict_aggregated_kernel(double *, const double *, const bool *, double *, const bool *, int, int, int, int, double, double, double, double, int, int, int)","(8, 8, 8)","(4, 2, 2)","0","8.6","3","Occupancy","Achieved Occupancy","%","32.56","32.68","32.62"
"92899","test_paper_bench","127.0.0.1","rbgs_restrict_aggregated_kernel(double *, const double *, const bool *, double *, const bool *, int, int, int, int, double, double, double, double, int, int, int)","(8, 8, 8)","(4, 2, 2)","0","8.6","3","Occupancy","Achieved Active Warps Per SM","warp","15.63","15.69","15.66"
"92899","test_paper_bench","127.0.0.1","rbgs_restrict_aggregated_kernel(double *, const double *, const bool *, double *, const bool *, int, int, int, int, double, double, double, double, int, int, int)","(8, 8, 8)","(8, 4, 4)","0","8.6","3","GPU Speed Of Light Throughput","DRAM Frequency","cycle/nsecond","9.36","9.42","9.39"
"92899","test_paper_bench","127.0.0.1","rbgs_restrict_aggregated_kernel(double *, const double *, const bool *, double *, const bool *, int, int, int, int, double, double, double, double, int, int, int)","(8, 8, 8)","(8, 4, 4)","0","8.6","3","GPU Speed Of Light Throughput","SM Frequency","cycle/nsecond","1.37","1.38","1.37"
"92899","test_paper_bench","127.0.0.1","rbgs_restrict_aggregated_kernel(double *, const double *, const bool *, double *, const bool *, int, int, int, int, double, double, double, double, int, int, int)","(8, 8, 8)","(8, 4, 4)","0","8.6","3","GPU Speed Of Light Throughput","Elapsed Cycles","cycle","38,940.00","39,159.00","39,078.00"
"92899","test_paper_bench","127.0.0.1","rbgs_restrict_aggregated_kernel(double *, const double *, const bool *, double *, const bool *, int, int, int, int, double, double, double, double, int, int, int)","(8, 8, 8)","(8, 4, 4)","0","8.6","3","GPU Speed Of Light Throughput","Memory Throughput","%","11.68","11.75","11.70"
"92899","test_paper_bench","127.0.0.1","rbgs_restrict_aggregated_kernel(double *, const double *, const bool *, double *, const bool *, int, int, int, int, double, double, double, double, int, int, int)","(8, 8, 8)","(8, 4, 4)","0","8.6","3","GPU Speed Of Light Throughput","DRAM Throughput","%","4.80","4.82","4.81"
"92899","test_paper_bench","127.0.0.1","rbgs_restrict_aggregated_kernel(double *, const double *, const bool *, double *, const bool *, int, int, int, int, double, double, double, double, int, int, int)","(8, 8, 8)","(8, 4, 4)","0","8.6","3","GPU Speed Of Light Throughput","Duration","usecond","28.22","28.54","28.41"
"92899","test_paper_bench","127.0.0.1","rbgs_restrict_aggregated_kernel(double *, const double *, const bool *, double *, const bool *, int, int, int, int, double, double, double, double, int, int, int)","(8, 8, 8)","(8, 4, 4)","0","8.6","3","GPU Speed Of Light Throughput","L1/TEX Cache Throughput","%","16.47","16.47","16.47"
"92899","test_paper_bench","127.0.0.1","rbgs_restrict_aggregated_kernel(double *, const double *, const bool *, double *, const bool *, int, int, int, int, double, double, double, double, int, int, int)","(8, 8, 8)","(8, 4, 4)","0","8.6","3","GPU Speed Of Light Throughput","L2 Cache Throughput","%","7.38","7.42","7.40"
"92899","test_paper_bench","127.0.0.1","rbgs_restrict_aggregated_kernel(double *, const double *, const bool *, double *, const bool *, int, int, int, int, double, double, double, double, int, int, int)","(8, 8, 8)","(8, 4, 4)","0","8.6","3","GPU Speed Of Light Throughput","SM Active Cycles","cycle","27,744.88","27,745.27","27,745.05"
"92899","test_paper_bench","127.0.0.1","rbgs_restrict_aggregated_kernel(double *, const double *, const bool *, double *, const bool *, int, int, int, int, double, double, double, double, int, int, int)","(8, 8, 8)","(8, 4, 4)","0","8.6","3","GPU Speed Of Light Throughput","Compute (SM) Throughput","%","52.77","53.09","52.89"
"92899","test_paper_bench","127.0.0.1","rbgs_restrict_aggregated_kernel(double *, const double *, const bool *, double *, const bool *, int, int, int, int, double, double, double, double, int, int, int)","(8, 8, 8)","(8, 4, 4)","0","8.6","3","Launch Statistics","Block Size","","512.00","512.00","512.00"
"92899","test_paper_bench","127.0.0.1","rbgs_restrict_aggregated_kernel(double *, const double *, const bool *, double *, const bool *, int, int, int, int, double, double, double, double, int, int, int)","(8, 8, 8)","(8, 4, 4)","0","8.6","3","Launch Statistics","Grid Size","","128.00","128.00","128.00"
"92899","test_paper_bench","127.0.0.1","rbgs_restrict_aggregated_kernel(double *, const double *, const bool *, double *, const bool *, int, int, int, int, double, double, double, double, int, int, int)","(8, 8, 8)","(8, 4, 4)","0","8.6","3","Launch Statistics","Registers Per Thread","register/thread","40.00","40.00","40.00"
"92899","test_paper_bench","127.0.0.1","rbgs_restrict_aggregated_kernel(double *, const double *, const bool *, double *, const bool *, int, int, int, int, double, double, double, double, int, int, int)","(8, 8, 8)","(8, 4, 4)","0","8.6","3","Launch Statistics","Shared Memory Configuration Size","Kbyte","32.77","32.77","32.77"
"92899","test_paper_bench","127.0.0.1","rbgs_restrict_aggregated_kernel(double *, const double *, const bool *, double *, const bool *, int, int, int, int, double, double, double, double, int, int, int)","(8, 8, 8)","(8, 4, 4)","0","8.6","3","Launch Statistics","Driver Shared Memory Per Block","Kbyte/block","1.02","1.02","1.02"
"92899","test_paper_bench","127.0.0.1","rbgs_restrict_aggregated_kernel(double *, const double *, const bool *, double *, const bool *, int, int, int, int, double, double, double, double, int, int, int)","(8, 8, 8)","(8, 4, 4)","0","8.6","3","Launch Statistics","Dynamic Shared Memory Per Block","byte/block","0.00","0.00","0.00"
"92899","test_paper_bench","127.0.0.1","rbgs_restrict_aggregated_kernel(double *, const double *, const bool *, double *, const bool *, int, int, int, int, double, double, double, double, int, int, int)","(8, 8, 8)","(8, 4, 4)","0","8.6","3","Launch Statistics","Static Shared Memory Per Block","Kbyte/block","9.00","9.00","9.00"
"92899","test_paper_bench","127.0.0.1","rbgs_restrict_aggregated_kernel(double *, const double *, const bool *, double *, const bool *, int, int, int, int, double, double, double, double, int, int, int)","(8, 8, 8)","(8, 4, 4)","0","8.6","3","Launch Statistics","Threads","thread","65,536.00","65,536.00","65,536.00"
"92899","test_paper_bench","127.0.0.1","rbgs_restrict_aggregated_kernel(double *, const double *, const bool *, double *, const bool *, int, int, int, int, double, double, double, double, int, int, int)","(8, 8, 8)","(8, 4, 4)","0","8.6","3","Launch Statistics","Waves Per SM","","0.52","0.52","0.52"
"92899","test_paper_bench","127.0.0.1","rbgs_restrict_aggregated_kernel(double *, const double *, const bool *, double *, const bool *, int, int, int, int, double, double, double, double, int, int, int)","(8, 8, 8)","(8, 4, 4)","0","8.6","3","Occupancy","Block Limit SM","block","16.00","16.00","16.00"
"92899","test_paper_bench","127.0.0.1","rbgs_restrict_aggregated_kernel(double *, const double *, const bool *, double *, const bool *, int, int, int, int, double, double, double, double, int, int, int)","(8, 8, 8)","(8, 4, 4)","0","8.6","3","Occupancy","Block Limit Registers","block","3.00","3.00","3.00"
"92899","test_paper_bench","127.0.0.1","rbgs_restrict_aggregated_kernel(double *, const double *, const bool *, double *, const bool *, int, int, int, int, double, double, double, double, int, int, int)","(8, 8, 8)","(8, 4, 4)","0","8.6","3","Occupancy","Block Limit Shared Mem","block","3.00","3.00","3.00"
"92899","test_paper_bench","127.0.0.1","rbgs_restrict_aggregated_kernel(double *, const double *, const bool *, double *, const bool *, int, int, int, int, double, double, double, double, int, int, int)","(8, 8, 8)","(8, 4, 4)","0","8.6","3","Occupancy","Block Limit Warps","block","3.00","3.00","3.00"
"92899","test_paper_bench","127.0.0.1","rbgs_restrict_aggregated_kernel(double *, const double *, const bool *, double *, const bool *, int, int, int, int, double, double, double, double, int, int, int)","(8, 8, 8)","(8, 4, 4)","0","8.6","3","Occupancy","Theoretical Active Warps per SM","warp","48.00","48.00","48.00"
"92899","test_paper_bench","127.0.0.1","rbgs_restrict_aggregated_kernel(double *, const double *, const bool *, double *, const bool *, int, int, int, int, double, double, double, double, int, int, int)","(8, 8, 8)","(8, 4, 4)","0","8.6","3","Occupancy","Theoretical Occupancy","%","100.00","100.00","100.00"
"92899","test_paper_bench","127.0.0.1","rbgs_restrict_aggregated_kernel(double *, const double *, const bool *, double *, const bool *, int, int, int, int, double, double, double, double, int, int, int)","(8, 8, 8)","(8, 4, 4)","0","8.6","3","Occupancy","Achieved Occupancy","%","49.24","49.36","49.31"
"92899","test_paper_bench","127.0.0.1","rbgs_restrict_aggregated_kernel(double *, const double *, const bool *, double *, const bool *, int, int, int, int, double, double, double, double, int, int, int)","(8, 8, 8)","(8, 4, 4)","0","8.6","3","Occupancy","Achieved Active Warps Per SM","warp","23.64","23.69","23.67"
